confidence_score,ptm,iptm,ligand_iptm,protein_iptm,complex_plddt,complex_pde,complex_ipde,filename,pdb_filepath,model,ipSAE_AB,pDockQ_AB,pDockQ2_AB,ipSAE_BA,pDockQ_BA,pDockQ2_BA,ipSAE_AB_max,pDockQ_AB_max,pDockQ2_AB_max
0.8537797927856445,0.8482287526130676,0.819088339805603,0.8775175213813782,0.8357245922088623,0.8624526858329773,1.160006046295166,5.514910697937012,confidence_result_model_0.json,predictions/result/result_model_0.pdb,0,0.722265,0.5061,0.1244,0.717408,0.5061,0.1247,0.722265,0.5061,0.1247
0.8514310717582703,0.8297261595726013,0.7970646023750305,0.7228943109512329,0.8132456541061401,0.8650227189064026,1.4284824132919312,7.4448561668396,confidence_result_model_1.json,predictions/result/result_model_1.pdb,1,0.717318,0.5352,0.0799,0.718179,0.5352,0.0796,0.718179,0.5352,0.0799
0.8483169674873352,0.8463078141212463,0.8145954608917236,0.7418643832206726,0.8301466107368469,0.8567473888397217,1.3373984098434448,6.93024206161499,confidence_result_model_2.json,predictions/result/result_model_2.pdb,2,0.70669,0.6113,0.0312,0.704637,0.6113,0.0313,0.70669,0.6113,0.0313
0.8417362570762634,0.8386859893798828,0.8061261773109436,0.8707004189491272,0.8219460248947144,0.8506386876106262,1.245265007019043,5.914550304412842,confidence_result_model_3.json,predictions/result/result_model_3.pdb,3,0.708489,0.4752,0.0409,0.711303,0.4752,0.0408,0.711303,0.4752,0.0409
0.8365252614021301,0.8074724078178406,0.7727372050285339,0.8776636719703674,0.7879882454872131,0.8524723052978516,1.3515498638153076,6.331914901733398,confidence_result_model_4.json,predictions/result/result_model_4.pdb,4,0.746144,0.4561,0.0734,0.748976,0.4561,0.0733,0.748976,0.4561,0.0734
