{
    "confidence_score": 0.8661466836929321,
    "ptm": 0.8565084338188171,
    "iptm": 0.8400692939758301,
    "ligand_iptm": 0.8943597078323364,
    "protein_iptm": 0.8422526121139526,
    "complex_plddt": 0.8726659417152405,
    "complex_iplddt": 0.8570134043693542,
    "complex_pde": 0.7541391849517822,
    "complex_ipde": 2.5460803508758545,
    "chains_ptm": {
        "0": 0.8998609185218811,
        "1": 0.8948253393173218,
        "2": 0.9357138276100159,
        "3": 0.957355260848999
    },
    "pair_chains_iptm": {
        "0": {
            "0": 0.8998609185218811,
            "1": 0.8422526121139526,
            "2": 0.7567533850669861,
            "3": 0.6510688066482544
        },
        "1": {
            "0": 0.8358147144317627,
            "1": 0.8948253393173218,
            "2": 0.5206195712089539,
            "3": 0.7453036904335022
        },
        "2": {
            "0": 0.9782684445381165,
            "1": 0.7638434171676636,
            "2": 0.9357138276100159,
            "3": 0.5370560884475708
        },
        "3": {
            "0": 0.9376529455184937,
            "1": 0.9639118909835815,
            "2": 0.5830720067024231,
            "3": 0.957355260848999
        }
    }
}