{
    "confidence_score": 0.8720399737358093,
    "ptm": 0.893730878829956,
    "iptm": 0.8782508969306946,
    "ligand_iptm": 0.9484333992004395,
    "protein_iptm": 0.8809931874275208,
    "complex_plddt": 0.8704872727394104,
    "complex_iplddt": 0.8459272980690002,
    "complex_pde": 0.6262835264205933,
    "complex_ipde": 1.9402670860290527,
    "chains_ptm": {
        "0": 0.9288933873176575,
        "1": 0.9240757822990417,
        "2": 0.9412713050842285,
        "3": 0.9627405405044556
    },
    "pair_chains_iptm": {
        "0": {
            "0": 0.9288933873176575,
            "1": 0.8809931874275208,
            "2": 0.7864643335342407,
            "3": 0.8009026050567627
        },
        "1": {
            "0": 0.8746598362922668,
            "1": 0.9240757822990417,
            "2": 0.5604875087738037,
            "3": 0.6939866542816162
        },
        "2": {
            "0": 0.9820142388343811,
            "1": 0.8087072372436523,
            "2": 0.9412713050842285,
            "3": 0.6949943900108337
        },
        "3": {
            "0": 0.9735243320465088,
            "1": 0.9504581093788147,
            "2": 0.7464852929115295,
            "3": 0.9627405405044556
        }
    }
}