{
    "confidence_score": 0.8542932868003845,
    "ptm": 0.839140772819519,
    "iptm": 0.8170565962791443,
    "ligand_iptm": 0.8771114349365234,
    "protein_iptm": 0.819553017616272,
    "complex_plddt": 0.8636023998260498,
    "complex_iplddt": 0.8481553792953491,
    "complex_pde": 0.7888491153717041,
    "complex_ipde": 2.7249293327331543,
    "chains_ptm": {
        "0": 0.8855764865875244,
        "1": 0.8805992603302002,
        "2": 0.9384865760803223,
        "3": 0.9634588360786438
    },
    "pair_chains_iptm": {
        "0": {
            "0": 0.8855764865875244,
            "1": 0.819553017616272,
            "2": 0.7368154525756836,
            "3": 0.636417031288147
        },
        "1": {
            "0": 0.8147071003913879,
            "1": 0.8805992603302002,
            "2": 0.49106597900390625,
            "3": 0.7397305369377136
        },
        "2": {
            "0": 0.9768844246864319,
            "1": 0.7274455428123474,
            "2": 0.9384865760803223,
            "3": 0.5101222395896912
        },
        "3": {
            "0": 0.9307166934013367,
            "1": 0.9612947106361389,
            "2": 0.5503332018852234,
            "3": 0.9634588360786438
        }
    }
}