{
    "confidence_score": 0.8771962523460388,
    "ptm": 0.9110671281814575,
    "iptm": 0.896737277507782,
    "ligand_iptm": 0.9245732426643372,
    "protein_iptm": 0.899316668510437,
    "complex_plddt": 0.8723109364509583,
    "complex_iplddt": 0.8485883474349976,
    "complex_pde": 0.5461724400520325,
    "complex_ipde": 1.589470624923706,
    "chains_ptm": {
        "0": 0.9425677061080933,
        "1": 0.9405978918075562,
        "2": 0.9314612150192261,
        "3": 0.9647011160850525
    },
    "pair_chains_iptm": {
        "0": {
            "0": 0.9425677061080933,
            "1": 0.899316668510437,
            "2": 0.7946004867553711,
            "3": 0.7123048305511475
        },
        "1": {
            "0": 0.8967146277427673,
            "1": 0.9405978918075562,
            "2": 0.5726463794708252,
            "3": 0.8137583136558533
        },
        "2": {
            "0": 0.9803591966629028,
            "1": 0.8269647359848022,
            "2": 0.9314612150192261,
            "3": 0.6007596850395203
        },
        "3": {
            "0": 0.9551616311073303,
            "1": 0.9755672812461853,
            "2": 0.6280368566513062,
            "3": 0.9647011160850525
        }
    }
}