{
    "confidence_score": 0.855407178401947,
    "ptm": 0.8376061320304871,
    "iptm": 0.8143446445465088,
    "ligand_iptm": 0.905789315700531,
    "protein_iptm": 0.8178048729896545,
    "complex_plddt": 0.865672767162323,
    "complex_iplddt": 0.8471417427062988,
    "complex_pde": 0.806993842124939,
    "complex_ipde": 2.802645683288574,
    "chains_ptm": {
        "0": 0.8810203075408936,
        "1": 0.8774899840354919,
        "2": 0.9334494471549988,
        "3": 0.9586238861083984
    },
    "pair_chains_iptm": {
        "0": {
            "0": 0.8810203075408936,
            "1": 0.8178048729896545,
            "2": 0.7408313155174255,
            "3": 0.729518711566925
        },
        "1": {
            "0": 0.8154809474945068,
            "1": 0.8774899840354919,
            "2": 0.48813503980636597,
            "3": 0.6268694996833801
        },
        "2": {
            "0": 0.9754458069801331,
            "1": 0.7239811420440674,
            "2": 0.9334494471549988,
            "3": 0.6096760630607605
        },
        "3": {
            "0": 0.9587970972061157,
            "1": 0.925608217716217,
            "2": 0.665227472782135,
            "3": 0.9586238861083984
        }
    }
}