{
    "confidence_score": 0.8606743216514587,
    "ptm": 0.874614417552948,
    "iptm": 0.8562802672386169,
    "ligand_iptm": 0.9647372364997864,
    "protein_iptm": 0.8651390075683594,
    "complex_plddt": 0.8617727756500244,
    "complex_iplddt": 0.840863049030304,
    "complex_pde": 0.7559213042259216,
    "complex_ipde": 2.231309175491333,
    "chains_ptm": {
        "0": 0.9192149639129639,
        "1": 0.911509096622467,
        "2": 0.9525752067565918,
        "3": 0.9138163924217224
    },
    "pair_chains_iptm": {
        "0": {
            "0": 0.9192149639129639,
            "1": 0.8651390075683594,
            "2": 0.7747417688369751,
            "3": 0.6503089070320129
        },
        "1": {
            "0": 0.8574866056442261,
            "1": 0.911509096622467,
            "2": 0.5585000514984131,
            "3": 0.4393465518951416
        },
        "2": {
            "0": 0.9833107590675354,
            "1": 0.7894731163978577,
            "2": 0.9525752067565918,
            "3": 0.8358269333839417
        },
        "3": {
            "0": 0.9368574619293213,
            "1": 0.7853250503540039,
            "2": 0.877393901348114,
            "3": 0.9138163924217224
        }
    }
}