{
    "confidence_score": 0.834687352180481,
    "ptm": 0.7808496356010437,
    "iptm": 0.7527828812599182,
    "ligand_iptm": 0.9646776914596558,
    "protein_iptm": 0.7679697871208191,
    "complex_plddt": 0.8551634550094604,
    "complex_iplddt": 0.8046424388885498,
    "complex_pde": 0.9784703254699707,
    "complex_ipde": 2.9668140411376953,
    "chains_ptm": {
        "0": 0.8381481766700745,
        "1": 0.8372547030448914,
        "2": 0.9510369300842285,
        "3": 0.9214690923690796
    },
    "pair_chains_iptm": {
        "0": {
            "0": 0.8381481766700745,
            "1": 0.7679697871208191,
            "2": 0.7118561267852783,
            "3": 0.6111958026885986
        },
        "1": {
            "0": 0.7638933658599854,
            "1": 0.8372547030448914,
            "2": 0.4316231310367584,
            "3": 0.3614003658294678
        },
        "2": {
            "0": 0.9825752377510071,
            "1": 0.6390578150749207,
            "2": 0.9510369300842285,
            "3": 0.8461563587188721
        },
        "3": {
            "0": 0.9380816221237183,
            "1": 0.6545713543891907,
            "2": 0.8804040551185608,
            "3": 0.9214690923690796
        }
    }
}