{
    "confidence_score": 0.8336076140403748,
    "ptm": 0.7634111046791077,
    "iptm": 0.7313117384910583,
    "ligand_iptm": 0.9628391861915588,
    "protein_iptm": 0.7463998794555664,
    "complex_plddt": 0.8591815233230591,
    "complex_iplddt": 0.821361243724823,
    "complex_pde": 1.0442756414413452,
    "complex_ipde": 3.2629013061523438,
    "chains_ptm": {
        "0": 0.8210291266441345,
        "1": 0.8239921927452087,
        "2": 0.9563952088356018,
        "3": 0.9142177104949951
    },
    "pair_chains_iptm": {
        "0": {
            "0": 0.8210291266441345,
            "1": 0.7454686760902405,
            "2": 0.6997940540313721,
            "3": 0.5749372839927673
        },
        "1": {
            "0": 0.7463998794555664,
            "1": 0.8239921927452087,
            "2": 0.4086434841156006,
            "3": 0.3281179964542389
        },
        "2": {
            "0": 0.9830665588378906,
            "1": 0.5923140048980713,
            "2": 0.9563952088356018,
            "3": 0.8368165493011475
        },
        "3": {
            "0": 0.930659294128418,
            "1": 0.6149433255195618,
            "2": 0.8820695281028748,
            "3": 0.9142177104949951
        }
    }
}