{
    "confidence_score": 0.8547449111938477,
    "ptm": 0.8517468571662903,
    "iptm": 0.8316085338592529,
    "ligand_iptm": 0.9699535369873047,
    "protein_iptm": 0.8416172862052917,
    "complex_plddt": 0.8605290055274963,
    "complex_iplddt": 0.8461030721664429,
    "complex_pde": 0.773686945438385,
    "complex_ipde": 2.1468918323516846,
    "chains_ptm": {
        "0": 0.9002811908721924,
        "1": 0.8933042883872986,
        "2": 0.9479195475578308,
        "3": 0.9178727865219116
    },
    "pair_chains_iptm": {
        "0": {
            "0": 0.9002811908721924,
            "1": 0.8416172862052917,
            "2": 0.7685135006904602,
            "3": 0.6757790446281433
        },
        "1": {
            "0": 0.8351014256477356,
            "1": 0.8933042883872986,
            "2": 0.5243062973022461,
            "3": 0.43620771169662476
        },
        "2": {
            "0": 0.9856240153312683,
            "1": 0.7536209225654602,
            "2": 0.9479195475578308,
            "3": 0.8506880402565002
        },
        "3": {
            "0": 0.9461503624916077,
            "1": 0.7555944323539734,
            "2": 0.8873559832572937,
            "3": 0.9178727865219116
        }
    }
}