{
    "confidence_score": 0.8686240315437317,
    "ptm": 0.9063078165054321,
    "iptm": 0.8920906782150269,
    "ligand_iptm": 0.974273145198822,
    "protein_iptm": 0.8996215462684631,
    "complex_plddt": 0.8627573847770691,
    "complex_iplddt": 0.8736896514892578,
    "complex_pde": 0.5929781198501587,
    "complex_ipde": 1.5667084455490112,
    "chains_ptm": {
        "0": 0.9457269310951233,
        "1": 0.9381647109985352,
        "2": 0.9570633172988892,
        "3": 0.9338451027870178
    },
    "pair_chains_iptm": {
        "0": {
            "0": 0.9457269310951233,
            "1": 0.8996215462684631,
            "2": 0.8008955717086792,
            "3": 0.7066651582717896
        },
        "1": {
            "0": 0.8912781476974487,
            "1": 0.9381647109985352,
            "2": 0.6066759824752808,
            "3": 0.5037054419517517
        },
        "2": {
            "0": 0.9868104457855225,
            "1": 0.8339363932609558,
            "2": 0.9570633172988892,
            "3": 0.8760385513305664
        },
        "3": {
            "0": 0.9556800127029419,
            "1": 0.8340275287628174,
            "2": 0.8957920670509338,
            "3": 0.9338451027870178
        }
    }
}