confidence_score,ptm,iptm,ligand_iptm,protein_iptm,complex_plddt,complex_pde,complex_ipde,filename,pdb_filepath,model,ipSAE_AB,pDockQ_AB,pDockQ2_AB,ipSAE_BA,pDockQ_BA,pDockQ2_BA,ipSAE_AB_max,pDockQ_AB_max,pDockQ2_AB_max
0.8686240315437317,0.9063078165054321,0.8920906782150269,0.974273145198822,0.8996215462684631,0.8627573847770691,0.5929781198501587,1.5667084455490112,confidence_result_model_0.json,predictions/result/result_model_0.pdb,0,0.837872,0.5517,0.3181,0.850367,0.5517,0.3164,0.850367,0.5517,0.3181
0.8606743216514587,0.874614417552948,0.8562802672386169,0.9647372364997864,0.8651390075683594,0.8617727756500244,0.7559213042259216,2.231309175491333,confidence_result_model_1.json,predictions/result/result_model_1.pdb,1,0.777982,0.4521,0.0666,0.788759,0.4521,0.0669,0.788759,0.4521,0.0669
0.8547449111938477,0.8517468571662903,0.8316085338592529,0.9699535369873047,0.8416172862052917,0.8605290055274963,0.773686945438385,2.1468918323516846,confidence_result_model_2.json,predictions/result/result_model_2.pdb,2,0.740848,0.4902,0.0501,0.750346,0.4902,0.0502,0.750346,0.4902,0.0502
0.834687352180481,0.7808496356010437,0.7527828812599182,0.9646776914596558,0.7679697871208191,0.8551634550094604,0.9784703254699707,2.9668140411376953,confidence_result_model_3.json,predictions/result/result_model_3.pdb,3,0.857574,0.5993,0.0163,0.857799,0.5993,0.0162,0.857799,0.5993,0.0163
0.8336076140403748,0.7634111046791077,0.7313117384910583,0.9628391861915588,0.7463998794555664,0.8591815233230591,1.0442756414413452,3.2629013061523438,confidence_result_model_4.json,predictions/result/result_model_4.pdb,4,0.838942,0.5964,0.0177,0.839797,0.5964,0.0177,0.839797,0.5964,0.0177
