{
    "confidence_score": 0.8417362570762634,
    "ptm": 0.8386859893798828,
    "iptm": 0.8061261773109436,
    "ligand_iptm": 0.8707004189491272,
    "protein_iptm": 0.8219460248947144,
    "complex_plddt": 0.8506386876106262,
    "complex_iplddt": 0.8036320209503174,
    "complex_pde": 1.245265007019043,
    "complex_ipde": 5.914550304412842,
    "chains_ptm": {
        "0": 0.8953487873077393,
        "1": 0.8890154957771301,
        "2": 0.9288552403450012,
        "3": 0.9142045974731445
    },
    "pair_chains_iptm": {
        "0": {
            "0": 0.8953487873077393,
            "1": 0.8219460248947144,
            "2": 0.7089146971702576,
            "3": 0.5965893268585205
        },
        "1": {
            "0": 0.8181791305541992,
            "1": 0.8890154957771301,
            "2": 0.47295480966567993,
            "3": 0.37262868881225586
        },
        "2": {
            "0": 0.900903046131134,
            "1": 0.6808846592903137,
            "2": 0.9288552403450012,
            "3": 0.7815285325050354
        },
        "3": {
            "0": 0.8282189965248108,
            "1": 0.6615324020385742,
            "2": 0.7948994040489197,
            "3": 0.9142045974731445
        }
    }
}