{
    "confidence_score": 0.8514310717582703,
    "ptm": 0.8297261595726013,
    "iptm": 0.7970646023750305,
    "ligand_iptm": 0.7228943109512329,
    "protein_iptm": 0.8132456541061401,
    "complex_plddt": 0.8650227189064026,
    "complex_iplddt": 0.8398903012275696,
    "complex_pde": 1.4284824132919312,
    "complex_ipde": 7.4448561668396,
    "chains_ptm": {
        "0": 0.8874210119247437,
        "1": 0.8903594613075256,
        "2": 0.9326454997062683,
        "3": 0.906112015247345
    },
    "pair_chains_iptm": {
        "0": {
            "0": 0.8874210119247437,
            "1": 0.8126429319381714,
            "2": 0.704561710357666,
            "3": 0.3389951288700104
        },
        "1": {
            "0": 0.8132456541061401,
            "1": 0.8903594613075256,
            "2": 0.4667220711708069,
            "3": 0.5460421442985535
        },
        "2": {
            "0": 0.896701991558075,
            "1": 0.6650654077529907,
            "2": 0.9326454997062683,
            "3": 0.29221823811531067
        },
        "3": {
            "0": 0.6281328201293945,
            "1": 0.7710632085800171,
            "2": 0.3443923592567444,
            "3": 0.906112015247345
        }
    }
}