{
    "confidence_score": 0.8483169674873352,
    "ptm": 0.8463078141212463,
    "iptm": 0.8145954608917236,
    "ligand_iptm": 0.7418643832206726,
    "protein_iptm": 0.8301466107368469,
    "complex_plddt": 0.8567473888397217,
    "complex_iplddt": 0.8031976222991943,
    "complex_pde": 1.3373984098434448,
    "complex_ipde": 6.93024206161499,
    "chains_ptm": {
        "0": 0.8983476161956787,
        "1": 0.8965469002723694,
        "2": 0.9266548752784729,
        "3": 0.9109572768211365
    },
    "pair_chains_iptm": {
        "0": {
            "0": 0.8983476161956787,
            "1": 0.8301466107368469,
            "2": 0.502826988697052,
            "3": 0.554598867893219
        },
        "1": {
            "0": 0.82969069480896,
            "1": 0.8965469002723694,
            "2": 0.7102047801017761,
            "3": 0.36442285776138306
        },
        "2": {
            "0": 0.699313223361969,
            "1": 0.8985576033592224,
            "2": 0.9266548752784729,
            "3": 0.3118871748447418
        },
        "3": {
            "0": 0.7714959383010864,
            "1": 0.6423079371452332,
            "2": 0.3689098656177521,
            "3": 0.9109572768211365
        }
    }
}