{
    "confidence_score": 0.8537797927856445,
    "ptm": 0.8482287526130676,
    "iptm": 0.819088339805603,
    "ligand_iptm": 0.8775175213813782,
    "protein_iptm": 0.8357245922088623,
    "complex_plddt": 0.8624526858329773,
    "complex_iplddt": 0.834294855594635,
    "complex_pde": 1.160006046295166,
    "complex_ipde": 5.514910697937012,
    "chains_ptm": {
        "0": 0.8965487480163574,
        "1": 0.9080397486686707,
        "2": 0.9313668012619019,
        "3": 0.9137545228004456
    },
    "pair_chains_iptm": {
        "0": {
            "0": 0.8965487480163574,
            "1": 0.8241560459136963,
            "2": 0.4834451377391815,
            "3": 0.3918497860431671
        },
        "1": {
            "0": 0.8357245922088623,
            "1": 0.9080397486686707,
            "2": 0.7173409461975098,
            "3": 0.6052758097648621
        },
        "2": {
            "0": 0.7008823156356812,
            "1": 0.9108794927597046,
            "2": 0.9313668012619019,
            "3": 0.785549521446228
        },
        "3": {
            "0": 0.6790680885314941,
            "1": 0.8345189690589905,
            "2": 0.8037360906600952,
            "3": 0.9137545228004456
        }
    }
}