{
    "confidence_score": 0.8365252614021301,
    "ptm": 0.8074724078178406,
    "iptm": 0.7727372050285339,
    "ligand_iptm": 0.8776636719703674,
    "protein_iptm": 0.7879882454872131,
    "complex_plddt": 0.8524723052978516,
    "complex_iplddt": 0.8252350091934204,
    "complex_pde": 1.3515498638153076,
    "complex_ipde": 6.331914901733398,
    "chains_ptm": {
        "0": 0.8691514134407043,
        "1": 0.8647933602333069,
        "2": 0.9416719079017639,
        "3": 0.9170032143592834
    },
    "pair_chains_iptm": {
        "0": {
            "0": 0.8691514134407043,
            "1": 0.7879882454872131,
            "2": 0.7022073268890381,
            "3": 0.5999047756195068
        },
        "1": {
            "0": 0.7867055535316467,
            "1": 0.8647933602333069,
            "2": 0.43973666429519653,
            "3": 0.3608914017677307
        },
        "2": {
            "0": 0.9196665287017822,
            "1": 0.6347490549087524,
            "2": 0.9416719079017639,
            "3": 0.8000665903091431
        },
        "3": {
            "0": 0.8257249593734741,
            "1": 0.6208412647247314,
            "2": 0.8125507831573486,
            "3": 0.9170032143592834
        }
    }
}