confidence_score,ptm,iptm,ligand_iptm,protein_iptm,complex_plddt,complex_pde,complex_ipde,filename,pdb_filepath,model,ipSAE_AB,pDockQ_AB,pDockQ2_AB,ipSAE_BA,pDockQ_BA,pDockQ2_BA,ipSAE_AB_max,pDockQ_AB_max,pDockQ2_AB_max
0.8771962523460388,0.9110671281814575,0.896737277507782,0.9245732426643372,0.899316668510437,0.8723109364509583,0.5461724400520325,1.589470624923706,confidence_result_model_0.json,predictions/result/result_model_0.pdb,0,0.845533,0.6125,0.1054,0.850812,0.6125,0.1057,0.850812,0.6125,0.1057
0.8720399737358093,0.893730878829956,0.8782508969306946,0.9484333992004395,0.8809931874275208,0.8704872727394104,0.6262835264205933,1.9402670860290527,confidence_result_model_1.json,predictions/result/result_model_1.pdb,1,0.815042,0.5365,0.0573,0.825641,0.5365,0.0574,0.825641,0.5365,0.0574
0.8661466836929321,0.8565084338188171,0.8400692939758301,0.8943597078323364,0.8422526121139526,0.8726659417152405,0.7541391849517822,2.5460803508758545,confidence_result_model_2.json,predictions/result/result_model_2.pdb,2,0.746992,0.5052,0.0527,0.758155,0.5052,0.0525,0.758155,0.5052,0.0527
0.855407178401947,0.8376061320304871,0.8143446445465088,0.905789315700531,0.8178048729896545,0.865672767162323,0.806993842124939,2.802645683288574,confidence_result_model_3.json,predictions/result/result_model_3.pdb,3,0.723981,0.5124,0.0399,0.724948,0.5124,0.0397,0.724948,0.5124,0.0399
0.8542932868003845,0.839140772819519,0.8170565962791443,0.8771114349365234,0.819553017616272,0.8636023998260498,0.7888491153717041,2.7249293327331543,confidence_result_model_4.json,predictions/result/result_model_4.pdb,4,0.727777,0.5129,0.0449,0.721853,0.5129,0.045,0.727777,0.5129,0.045
