{
    "confidence_score": 0.8631040453910828,
    "ptm": 0.863355278968811,
    "iptm": 0.8446529507637024,
    "ligand_iptm": 0.9708534479141235,
    "protein_iptm": 0.8543879985809326,
    "complex_plddt": 0.8677168488502502,
    "complex_iplddt": 0.8562285900115967,
    "complex_pde": 0.7211485505104065,
    "complex_ipde": 2.0462558269500732,
    "chains_ptm": {
        "0": 0.9118340611457825,
        "1": 0.9080934524536133,
        "2": 0.9549944996833801,
        "3": 0.9233359098434448
    },
    "pair_chains_iptm": {
        "0": {
            "0": 0.9118340611457825,
            "1": 0.8543879985809326,
            "2": 0.7883868217468262,
            "3": 0.660101056098938
        },
        "1": {
            "0": 0.8489830493927002,
            "1": 0.9080934524536133,
            "2": 0.5586000084877014,
            "3": 0.4440458416938782
        },
        "2": {
            "0": 0.9854894876480103,
            "1": 0.7721134424209595,
            "2": 0.9549944996833801,
            "3": 0.8578117489814758
        },
        "3": {
            "0": 0.9479788541793823,
            "1": 0.7738584280014038,
            "2": 0.8958635330200195,
            "3": 0.9233359098434448
        }
    }
}