{
    "confidence_score": 0.8431685566902161,
    "ptm": 0.7905526757240295,
    "iptm": 0.7628780007362366,
    "ligand_iptm": 0.9633262157440186,
    "protein_iptm": 0.7770366072654724,
    "complex_plddt": 0.8632411360740662,
    "complex_iplddt": 0.8170838356018066,
    "complex_pde": 0.9568367600440979,
    "complex_ipde": 2.9965271949768066,
    "chains_ptm": {
        "0": 0.8445886969566345,
        "1": 0.8431316614151001,
        "2": 0.9526480436325073,
        "3": 0.9227474927902222
    },
    "pair_chains_iptm": {
        "0": {
            "0": 0.8445886969566345,
            "1": 0.7770366072654724,
            "2": 0.7113648653030396,
            "3": 0.6226397156715393
        },
        "1": {
            "0": 0.7760865092277527,
            "1": 0.8431316614151001,
            "2": 0.45494768023490906,
            "3": 0.3857100009918213
        },
        "2": {
            "0": 0.9788542985916138,
            "1": 0.6475509405136108,
            "2": 0.9526480436325073,
            "3": 0.8419750332832336
        },
        "3": {
            "0": 0.939251184463501,
            "1": 0.6672024726867676,
            "2": 0.8834220170974731,
            "3": 0.9227474927902222
        }
    }
}