{
    "confidence_score": 0.8654260635375977,
    "ptm": 0.8838136792182922,
    "iptm": 0.8669586777687073,
    "ligand_iptm": 0.9685834050178528,
    "protein_iptm": 0.8753697276115417,
    "complex_plddt": 0.8650428652763367,
    "complex_iplddt": 0.8508795499801636,
    "complex_pde": 0.6730122566223145,
    "complex_ipde": 1.9446929693222046,
    "chains_ptm": {
        "0": 0.9287413358688354,
        "1": 0.9209972620010376,
        "2": 0.9590542912483215,
        "3": 0.9252433180809021
    },
    "pair_chains_iptm": {
        "0": {
            "0": 0.9287413358688354,
            "1": 0.8753697276115417,
            "2": 0.7961107492446899,
            "3": 0.6669217944145203
        },
        "1": {
            "0": 0.8662431240081787,
            "1": 0.9209972620010376,
            "2": 0.5892781019210815,
            "3": 0.462234765291214
        },
        "2": {
            "0": 0.9836598038673401,
            "1": 0.8023394346237183,
            "2": 0.9590542912483215,
            "3": 0.855955958366394
        },
        "3": {
            "0": 0.9462206959724426,
            "1": 0.8015568256378174,
            "2": 0.895446240901947,
            "3": 0.9252433180809021
        }
    }
}