{
    "confidence_score": 0.869432270526886,
    "ptm": 0.8913806676864624,
    "iptm": 0.874592125415802,
    "ligand_iptm": 0.9690552949905396,
    "protein_iptm": 0.8832982778549194,
    "complex_plddt": 0.8681422472000122,
    "complex_iplddt": 0.8322066068649292,
    "complex_pde": 0.6455632448196411,
    "complex_ipde": 1.8348358869552612,
    "chains_ptm": {
        "0": 0.9314638376235962,
        "1": 0.9275658130645752,
        "2": 0.9442390203475952,
        "3": 0.9059588313102722
    },
    "pair_chains_iptm": {
        "0": {
            "0": 0.9314638376235962,
            "1": 0.8832982778549194,
            "2": 0.7819867134094238,
            "3": 0.6775545477867126
        },
        "1": {
            "0": 0.8781207799911499,
            "1": 0.9275658130645752,
            "2": 0.5696715712547302,
            "3": 0.45565927028656006
        },
        "2": {
            "0": 0.9861908555030823,
            "1": 0.8098567724227905,
            "2": 0.9442390203475952,
            "3": 0.8464765548706055
        },
        "3": {
            "0": 0.9425511956214905,
            "1": 0.8033345341682434,
            "2": 0.8810752630233765,
            "3": 0.9059588313102722
        }
    }
}