{
    "confidence_score": 0.8554216623306274,
    "ptm": 0.8669223785400391,
    "iptm": 0.8478797078132629,
    "ligand_iptm": 0.9734584093093872,
    "protein_iptm": 0.8567565083503723,
    "complex_plddt": 0.8573071360588074,
    "complex_iplddt": 0.8499782681465149,
    "complex_pde": 0.7216860055923462,
    "complex_ipde": 1.975476622581482,
    "chains_ptm": {
        "0": 0.9159691333770752,
        "1": 0.9090818166732788,
        "2": 0.9532470107078552,
        "3": 0.9292232990264893
    },
    "pair_chains_iptm": {
        "0": {
            "0": 0.9159691333770752,
            "1": 0.8567565083503723,
            "2": 0.7881106734275818,
            "3": 0.7095431089401245
        },
        "1": {
            "0": 0.84880530834198,
            "1": 0.9090818166732788,
            "2": 0.5608364939689636,
            "3": 0.47682663798332214
        },
        "2": {
            "0": 0.9858785271644592,
            "1": 0.7765722870826721,
            "2": 0.9532470107078552,
            "3": 0.8742548823356628
        },
        "3": {
            "0": 0.9564425349235535,
            "1": 0.784994900226593,
            "2": 0.9037813544273376,
            "3": 0.9292232990264893
        }
    }
}